SiteName,State,Address,City,Acres,DNI,EstPVCap
BOEING COMPANY AUBURN,WA,700 15TH ST SW,AUBURN,500.0,3.15,
SAFETY KLEEN SYSTEMS INC AUBURN 118101,WA,3210 C ST NE UNIT G,AUBURN,2.0,3.15,
BOEING A&M SPACE CENTER,WA,20403 68TH AVE S,KENT,,3.33,
UNIVAR USA INC KENT,WA,8201 S 212TH ST,KENT,12.0,3.33,
BSB DIVERSIFIED CO INC,WA,8202 S 200TH ST,KENT,4.0,3.33,
BURLINGTON ENVIRONMENTAL LLC KENT,WA,20245 77TH AVE S,KENT,6.0,3.33,
BOEING RENTON,WA,737 LOGAN AVE N,RENTON,277.0,3.33,
BURLINGTON ENVIRONMENTAL LLC GEORGETOWN,WA,734 S LUCILE ST,SEATTLE,3.0,3.41,
BOEING PLANT 2,WA,7755 E MARGINAL WAY S,SEATTLE,109.0,3.41,
GE AVIATION,WA,220 S DAWSON ST,SEATTLE,2.0,3.41,
CONTAINER PROPERTIES LLC,WA,9229 E MARGINAL WAY S TUKWILA,TUKWILA,21.0,3.51,3.5
BOEING A&M DEVELOPMENTAL CENTER,WA,9725 E MARGINAL WAY S,SEATTLE,165.0,3.51,27.5
EMERALD SERVICES INC AIRPORT WAY,WA,1500 AIRPORT WAY S,SEATTLE,1.0,3.41,
BOEING EVERETT,WA,3003 W CASINO RD,EVERETT,1026.0,3.2,
TESORO REFINING & MARKETING COMPANY,WA,W MARCH PT RD,ANACORTES,935.0,3.28,
SHELL OPUS PUGET SOUND REFINERY,WA,8505 S TEXAS RD,ANACORTES,835.0,3.28,
NORTHWEST PETROCHEMICAL CORP,WA,9056 N TEXAS RD NW PETRO,ANACORTES,3.0,3.28,
STELLA JONES CORPORATION,WA,6520 188TH ST NE,ARLINGTON,57.0,3.05,
BP CHERRY POINT REFINERY,WA,4519 GRANDVIEW RD,BLAINE,2400.0,3.55,400.0
CONOCOPHILLIPS CO FERNDALE REFINERY,WA,3901 UNICK RD,FERNDALE,900.0,3.55,150.0
MCFARLAND CASCADE POLE & LUMBER CO,WA,1640 E MARC ST,TACOMA,43.0,3.33,
OCCIDENTAL CHEMICAL CORP,WA,605 ALEXANDER AVE,TACOMA,33.0,3.33,
"SSA TACOMA, INC",WA,3320 LINCOLN AVE E,TACOMA,52.0,3.23,
BURLINGTON ENVIRONMENTAL LLC TACOMA,WA,1701 E ALEXANDER AVE,TACOMA,18.0,3.23,
PACIFIC FUNCTIONAL FLUIDS LLC,WA,2244 PORT OF TACOMA RD,TACOMA,2.0,3.23,
PETROLEUM RECLAIMING SERVICE INC,WA,3003 TAYLOR WAY,TACOMA,,3.23,
EMERALD SERVICES INC ALEXANDER AVE,WA,1825 ALEXANDER AVE,TACOMA,2.0,3.23,
COLUMBIA GORGE ALUMINUM,WA,85 JOHN DAY DAM RD,GOLDENDALE,7000.0,5.29,1166.67
EMERALD KALAMA CHEMICAL LLC,WA,1296 NW 3RD ST,KALAMA,150.0,3.19,
INTERNATIONAL PAPER LONGVIEW,WA,10 INTERNATIONAL WAY,LONGVIEW,900.0,3.17,
US DOE BPA ROSS COMPLEX,WA,5411 NE HWY 99,VANCOUVER,250.0,3.38,
PENDLETON WOOLEN MILLS,WA,2 PENDLETON WAY,WASHOUGAL,3.0,3.16,
BURLINGTON ENVIRONMENTAL LLC WASHOUGAL,WA,625 S 32ND ST,WASHOUGAL,5.0,3.16,
OKANOGAN AIRPORT,WA,AIRPORT RD UPHILL FROM HWY 97,OKANOGAN,30.0,4.74,5.0
US ARMY YAKIMA TRAINING CENTER BLDG T14,WA,I82 4 MI N OF CITY BLDG T14,YAKIMA,324000.0,5.35,54000.0
HOP UNION USA INC 1ST AVE,WA,1ST AVE & MONROE ST NW CORNER,MABTON,120.0,5.33,20.0
KRONOS MICRONUTRIENTS LP,WA,213 W. MOXEE AVE,MOXEE,11.0,5.34,1.83
UNIVAR USA INC,WA,4515 WISCONSIN AVE E,SPOKANE,4.0,4.8,0.67
ENERGY NORTHWEST COLUMBIA GENERATING STA,WA,T11N R28E S5,RICHLAND,1089.0,5.29,181.5
AREVA NP INC,WA,2101 HORN RAPIDS RD,RICHLAND,320.0,5.24,53.33
US DEPT OF ENERGY HANFORD FACILITY,WA,HANFORD FACILITY,RICHLAND,358400.0,5.52,59733.33
CROP PRODUCTION SERVICES WALLA WALLA,WA,3083 E ISAACS AVE,WALLA WALLA,4.0,4.64,0.67
SCHWERIN CONCAVES WALLA WALLA,WA,1106 SAPPOLIL RD,WALLA WALLA,10.0,4.88,1.67
SAFETY KLEEN SYSTEMS INC LYNNWOOD 709201,WA,6303 212TH ST SW STE C,LYNNWOOD,3.0,3.45,
COLVILLE INDIAN POWER AND VENEER (CIPV),WA,1100 8TH AVE E,OMAK,386.0,4.74,64.33
BURLINGTON ENVIRONMENTAL INC,WA,2001 W GARFIELD ST E SIDE OF B,SEATTLE,216.0,3.5,36.0
CAMERON YAKIMA INC,WA,1414 S 1ST ST,YAKIMA,2.0,5.28,0.33
TOXGON CORP SEATTLE,WA,631 S 96TH ST,SEATTLE,2.0,3.41,
WA UW TACOMA BR CAMP,WA,1930 C ST,TACOMA,9.0,3.33,
CLEAN CARE CORP,WA,1510 TAYLOR WY,TACOMA,4.0,3.23,
US ARMY HQ I CORPS & FORT LEWIS,WA,BLDG 2012 LIGGETT AVE,JOINT BASE LEWIS-MCCHORD,86178.0,3.28,
ABERDEEN LF,WA,,ABERDEEN,,2.94,
ASOTIN COUNTY LF,WA,,CLARKSTON,,4.84,
BRUCE LF,WA,,RITZVILLE,,5.17,
CATHCART LF,WA,"8915 Cathcart Way
off Highway 9, S of Snohomish",SNOHOMISH,56.0,3.27,
CEDAR HILLS REGIONAL LF,WA,16645 228th Avenue SE,MAPLE VALLEY,450.0,2.98,
CENTRALIA LF,WA,1313 S. Tower Avenue,CENTRALIA,87.0,3.15,
CHEYNE ROAD LF,WA,4970 Cheyne Road,ZILLAH,,5.34,
COWLITZ COUNTY LANDFILL,WA,85 Tennant Way,LONGVIEW,90.0,3.17,
DELANO LF,WA,,GRAND COULEE,6.0,4.86,1.05
ENUMCLAW LF,WA,North of 1650 Battersby Avenue E.,ENUMCLAW,,2.97,
EPHRATA LF,WA,"3803 Neva Lake Road, NW
off Highway 28",EPHRATA,26.0,5.3,4.33
FORT LEWIS LF #5,WA,Dupont-Steilacoom Road,JOINT BASE LEWIS-MCCHORD,,3.17,
GREATER WENATCHEE LF,WA,191 Webb Road S,EAST WENATCHEE,,5.07,
HANSVILLE LF,WA,7791 NE Ecology Road,KINGSTON,,3.24,
HIDDEN VALLEY LF,WA,17925 Meridian Street East,PUYALLUP,,2.96,
HOBART LF,WA,24041 276th Avenue SE,MAPLE VALLEY,15.0,2.86,
HOLDEN VILLAGE LF,WA,,HOLDEN VILLAGE,,4.74,
INMAN LF,WA,920 Inman Lane,BOW,,3.17,
KENT HIGHLANDS LF,WA,23076 Military Road South,KENT,60.0,3.15,
LEICHNER LF,WA,9411 NE 94th Avenue,VANCOUVER,80.0,3.28,
LRI LANDFILL,WA,30919 Meridian Street East,GRAHAM,320.0,2.96,
MASON COUNTY LF,WA,501 W. Eells Hill Road,SHELTON,,3.23,
NEW WASTE INC. LF,WA,1901 Dietrich Road,PASCO,,5.3,
NORTHSIDE LF,WA,5502 W. Nine Mile Road,SPOKANE,345.0,4.78,57.5
OKANOGAN CENTRAL LF,WA,,OKANOGAN,,4.73,
OKANOGAN LF,WA,240 B and O North Road,OKANOGAN,,4.73,
OLALLA LF,WA,2850 SE Burley-Olalla Road,OLALLA,,3.21,
"OLYMPIC VIEW SANITARY LF, INC. (OVSL)",WA,10015 SW Barney White Road,PORT ORCHARD,500.0,3.18,
PASCO SLF,WA,1901 Dietrich Road,PASCO,,5.3,
PORT ANGELES SLF,WA,3501 W 18th Street,PORT ANGELES,44.0,3.2,
PURDY LF,WA,14515 54th Avenue NW,GIG HARBOR,11.0,3.26,
RAINBOW VALLEY LF,WA,Highway 105,RAYMOND,,2.89,
RICHLAND HORN RAPIDS LF,WA,3102 Twin Bridges Road,RICHLAND,114.0,5.38,19.0
ROOSEVELT REGIONAL MSW LANDFILL,WA,500 Roosevelt Grade Road,ROOSEVELT,2545.0,5.54,424.17
RYEGRASS LF,WA,25900 Vantage Highway,ELLENSBURG,,5.32,
STEVENS COUNTY LF,WA,,KETTLES FALLS,,4.53,
SUDBURY ROAD LF,WA,,WALLA WALLA,,4.84,
TACOMA CITY SOLID WASTE FACILITY,WA,3510 S. Mullen Street,TACOMA,130.0,3.33,
TERRACE HEIGHTS LF,WA,7601 Roza Hill Drive,YAKIMA,,5.38,
THURSTON COUNTY WASTE AND RECOVERY CENTER,WA,2418 Hogum Bay Road N.E.,OLYMPIA,120.0,3.09,
VASHON LF,WA,18910 Westside Highway SW,VASHON ISLAND,,3.32,
YAKIMA FIRING CENTER,WA,,YAKIMA,,5.38,
JEFFERSON AVENUE SITE,WA,S. 21st Street and S. Jefferson Avenue,TACOMA,6.0,3.33,
U OF W TACOMA - LABORERS INTERNATIONAL UNION OF NORTH AMERICA PROPERTY,WA,1736-1744 Market Street,TACOMA,1.0,3.33,
IRISH FOUNDRY,WA,45 Spokane St.,SEATTLE,1.0,3.41,
"SNOHOMISH, CITY OF",WA,The Snohomish Trail Corridor,SNOHOMISH,16.0,3.08,
RAINIER COURT AREA IV THE HOME OWNERSHIP PROJECT,WA,3612-3656 34th Ave. South,SEATTLE,3.0,3.51,0.49
U OF W TACOMA - KOSIN PROPERTY,WA,"1902, 1908, & 1914 Market Street",TACOMA,1.0,3.33,
WENATCHEE LANDFILL,WA,25 WORTHEN STREET,WENATCHEE,1.0,4.59,
WENATCHEE ORCHARD,WA,1404 Northwestern Ave.,WENATCHEE,1.0,4.59,
HAMM CREEK,WA,AREAWIDE,SEATTLE,,3.5,
LAKE WASHINGTON TECHNICAL COLLEGE,WA,6505 176TH AVE. NE,REDMOND,3.0,3.41,
RAINIER COURT - PARCEL O,WA,3616 34th Avenue S,SEATTLE,0.0,3.51,
UW BOAT STREET MARINA,WA,1401 NE Boat Street,SEATTLE,8.0,3.5,1.33
PYLE PROPERTY (FORMER),WA,4416 Fruit Valley Road,VANCOUVER,0.0,3.38,
WEST OLYMPIA LANDFILL,WA,1305 Cooper Point Road SW,OLYMPIA,28.0,3.11,
JEFFERSON AVE,WA,"S 21st to 23rd/ Tacoma Ave S to Jefferson Ave.,",TACOMA,6.0,3.33,
RG HALEY,WA,500 Cornwall Ave,BELLINGHAM,7.0,3.28,
BOAT STREET MARINA,WA,1401 NE Boat Street,SEATTLE,8.0,3.5,1.33
COMMUNITY HEALTHCARE HILLTOP CLINIC,WA,1202 Martin Luther King Jr. Way				,TACOMA				,1.0,3.33,
SWINOMISH TRIBAL ECONOMIC ZONE 1,WA,Padilla Bay-West of Swinomish Channel,LACONNER,145.0,4.29,24.17
NEWPORT INDUSTRIAL PARK DEVELOPMENT,WA,Corner of 1st Street and State Street,NEWPORT,2.0,4.7,0.38
TSEWHITSEN VILLAGE CEMETARY,WA,"Lot 2 Short plat volume 32, page 99",PORT ANGELES,12.0,3.2,
TACOMA - PAULSON'S FINE CARS,WA,1020 South J Street,TACOMA,0.0,3.33,
TACOMA - MEDICAL CENTER - FORMER,WA,1002 S. 10th Street,TACOMA,0.0,3.33,
TACOMA - DECOSMO SITE,WA,1007 South 11th Street,TACOMA,0.0,3.33,
BREMERTON GASWORKS,WA,1721-25 Pennsylvania Avenue,BREMERTON,4.0,3.21,
COLMAN BUILDING,WA,2203 East Union Street,SEATTLE,0.0,3.5,
U OF W TACOMA - STROM PROPERTY,WA,"1727, 1733, 1735, & 1737 Fawcett Ave.",TACOMA,1.0,3.33,
U OF W TACOMA - HENDRICKS PROPERTY,WA,1732 Market St.,TACOMA,0.0,3.33,
U OF W TACOMA - LAM PROPERTY,WA,1726 Market St.,TACOMA,0.0,3.33,
TACOMA - MARTIN LUTHER KING DEVELOPMENT PROPERTY,WA,1023 MLK Jr. Way,TACOMA,0.0,3.33,
TACOMA - EASLEY PROPERTY,WA,1001-1005 South 11th Street,TACOMA,0.0,3.33,
FOOTHILLS RECYCLING,WA,4399 Valley highway,DEMING,50.0,3.14,
THE BLUE ORIGINS BUILDING,WA,13 South Nevada Street,SEATTLE,2.0,3.41,
PALOUSE - OLD PALOUSE PRODUCERS,WA,J and Main Streets,PALOUSE,0.0,4.95,
SOUTH CLE ELUM RAILYARD,WA,801 Milwaukee Avenue,SOUTH CLE ELUM,12.0,4.47,2.08
BREMERTON HOUSING AUTHORITY BLOCK PLAT 51,WA,17 lots btwn 7th & 8th Street & Warren & Park Aves,BREMERTON,2.0,3.21,
PACIFIC NORTHWEST SALMON CENTER,WA,22751 NE Highway 3,BELFAIR,7.0,3.14,
U OF W TACOMA - JOY BUILDING,WA,1716 - 1730 Pacific Avenue,TACOMA,0.0,3.33,
MCCARVER PARK,WA,2141 South I Street,TACOMA,4.0,3.33,
PEASLEY CANYON - FORMER GAS STATION,WA,612 West Valley Highway South,AUBURN,2.0,3.04,
SNELL/RODERICK TIMBER COMPANY,WA,200 H St S,ABERDEEN,337.0,2.89,
PIONEER INDUSTRIES PROPERTY,WA,7200 Blockk of 8th Avenue South,SEATTLE,,3.41,
FORMER GENERAL DISPOSAL,WA,1415 Ballard Way NW,SEATTLE,2.0,3.5,
FORMER MAMCO MANUFACTURING/NEUVANT AEROSPACE,WA,1401 NW 50th Street,SEATTLE,1.0,3.5,
BRY'S AUTO WRECKING II/KENYON ST.,WA,110 South Kenyon Street,SEATTLE,,3.41,
GLACIER NW TERMINALS PROPERTY,WA,5900 West Marginal Way South,SEATTLE,,3.41,
SEACON PROPERTY,WA,16120 Fork Teanaway Rd N,CLE ELUM,,4.73,
CRITES AUTO REBUILD (CITY OF AUBURN),WA,12 1st Street SW,AUBURN,,3.15,
SOUTH PARK LANDFILL PROPERTY,WA,B/t 509 & 99 North of S. Cloverdale & Sullivan Sts,,,3.5,
BOULEVARD PARK/UNOCAL STATION,WA,11845 Des Moines Memorial Drive,SEATTLE,,3.33,
BOULEVARD PARK/SHELL STATION,WA,12666 Des Moines Way South,SEATTLE,,3.33,
DOC FREEMAN PROPERTIES,WA,3831 and 3939 Stone Way North,SEATTLE,,3.5,
KWICK CLEANERS PROPERTY,WA,2701 15th Avenue South,SEATTLE,,3.41,
SAUNDER DOOR CO. PROPERTY,WA,815 6th Street South,KIRKLAND,,3.41,
STARROW ENTERPRISES PROPERTY,WA,3102 B Street NW,AUBURN,,3.15,
STERNOFF METALS PROPERTY,WA,7201 East Marginal Way,SEATTLE,,3.41,
TOXCON (PENBERTHY) PROPERTY,WA,631 South 96th Street,SEATTLE,,3.41,
COLEMAN CREOSOTE PROPERTY,WA,333 Elliott Avenue West,SEATTLE,,3.5,
DYNO BATTERY COMPANY PROPERTY,WA,4248 23rd Avenue West,SEATTLE,,3.5,
PACE CHEMICAL PROPERTY,WA,500 7th Avenue South,KIRKLAND,,3.41,
PIER 1 PROPERTY,WA,2130 Harbor Avenue Southwest,SEATTLE,,3.41,
KVICHAK MARINE INDUSTRIES (FMR. FLOHR METAL FAB.),WA,"Ballard/Fremont, 469 NW Bowdoin Place",SEATTLE,2.0,3.5,0.35
WEST SEATTLE JUNCTION PROPERTY,WA,4200 West AK Street,SEATTLE,,3.41,
CHROME PLATING WORKS,WA,Fremont District,SEATTLE,,3.5,
BALLARD OIL BULK PLANT,WA,1101 NW 45th Street,SEATTLE,,3.5,
GEORGETOWN GASOLINE STATION,WA,4th Avenue & E. Marginal Way,SEATTLE,,3.41,
PAINTING BUSINESS/CENTRAL PAINTING,WA,West Marginal Way South,SEATTLE,,3.41,
AFFORDABLE AUTO WRECKING YARD,WA,9820 Martin Luther King Jr. Way South,SEATTLE,,3.51,
MOBILE TRUCK SERVICES,WA,Duwamish Corridor,SEATTLE,,3.5,
US PRINTING INK MANUFACTURING FACILITY,WA,Duwamish Corridor in Tukwilla,TUKWILLA,,3.33,
SOUTH PARK/CROSBY PROPERTY FRAME & AXLE,WA,South Park 14th Avenue,SEATTLE,,3.5,
PEDERSON PROPERTY,WA,South Park - 14th Avenue,SEATTLE,,3.5,
ACE RADIATOR SHOP,WA,311 South Brandon,SEATTLE,,3.41,
BALLARD AUTO WRECKING,WA,1515 NW Leary Way,SEATTLE,,3.5,
BALLARD RECYCLING,WA,Ballard Industrial Area,SEATTLE,,3.5,
PIONEER ENAMEL MANUFACTURING,WA,5531 Airport Way South,SEATTLE,,3.41,
RAINIER UNOCAL,WA,6230 Rainier Avenue South,SEATTLE,,3.51,
ALL METAL FABRICATORS,WA,2952 1st Avenue South,SEATTLE,,3.41,
AMERICAN TILE WHOLESALE,WA,4435 S. 134th Place,TUWILA,,3.33,
BURFIT PROPERTY,WA,1500 West Bertona Avenue,SEATTLE,,3.5,
HYDRAULIC REPAIR & DESIGN,WA,6942 South 196th St.,KENT,,3.33,
KING AUTO & TRUCK WRECKING,WA,South Park Area Seattle,SEATTLE,,3.5,
MCFARLAND PROPERTY,WA,SW Edmunds and Pudget Way SW,SEATTLE,,3.41,
NORTHWEST COOPERAGE,WA,7152 1st Avenue South,SEATTLE,,3.41,
NORTHWEST METAL PRODUCTS CO.,WA,401 North 4th Avenue,KENT,,3.15,
NW ENVIROSERVICE 1ST AVENUE SOUTH SPILL,WA,8105-1st Avenue South,SEATTLE,,3.41,
ORILLIA INDUSTRIAL DISTRICT II,WA,SE corner of E. Valley Highway & S. 180th ST,KENT,,3.33,
SUN CHEMICAL/INK MANUFACTURER (KENT),WA,8810 S. 212th Street,KENT,,3.33,
THORDARSON PROPERTY,WA,2200 W. Emerson Place,SEATTLE,,3.5,
TSUBODA INDUSTRIAL SUPPLY,WA,1837 15th Avenue West,SEATTLE,,3.5,
CHEMCENTRAL SOLVENTS,WA,7601 S. 190th,KENT,,3.33,
DELTA TRAIN CORP.,WA,209 41Street SE,AUBURN,,3.04,
ELECTROFINISHING COMPANY,WA,510 A StreetSE,AUBURN,,3.15,
FIELDS CORPORATION,WA,710 S. Railroad Avenue,KENT,,3.15,
KELLY MOORE/PRESERVATIVE PLANT,WA,5410 Airport Way South,SEATTLE,,3.41,
LONG PAINTING,WA,8025 10th Avenue South,SEATTLE,,3.41,
MARINE VACUUM SERVICE (MARVAC),WA,1516 south graham Street,SEATTLE,,3.41,
MID-FORK PROJECT (BEACH PROPERTY),WA,5316 SE 116th Street,NORTH BEND,,3.12,
MILL CREEK SITE,WA,West Valley Hwy. & S. 196th Street,KENT,,3.33,
POWER SYSTEM SERVICES,WA,1031 North 4th Ave.,KENT,,3.15,
"RHONE-POULENC/RHODIA, INC./NORTHWEST CONTAINER",WA,9229 East Marginal Way South,SEATTLE,,3.51,
BB PARTNERSHIP PROPERTIES,WA,South 262nd St. & 78th Avenue South,KENT,,3.15,
ISLAND AUTO WRECKING,WA,12218 SW Cementary Rd,VASHON ISLAND,,5.36,
MONSTER AUTO WRECKING,WA,13301 Martin Luther King Jr. Way South,SEATTLE,,3.33,
COVROX,WA,27320 162nd Avenue SE,KENT,,3.0,
SCENIC BOUND TOURS,WA,300 South Orcas Street,SEATTLE,,3.41,
SEATTLE SOLSTICE,WA,7506 5th Avenue South,SEATTLE,,3.41,
CITY OF BOTHELL DRY CLEANER SITE,WA,"near City Hall, Downtown Bothell",BOTHELL,,3.44,
BSNF SOUTH SEATTLE INTERMODAL HUB,WA,12200 51st Place SE and 5100 S. 122nd Street,TUKWILA,,3.33,
CITY OF RENTON WETLAND,WA,7400 SW 43rd Street,RENTON,,3.33,
BROOKS PROPERTY,WA,7416 S. 204th St,KENT,,3.33,
BARNIER PARCELS,WA,21200 and 22103 76th Avenue South,KENT,,3.33,
LA TERRA LIMITED PARCEL,WA,No address - located N of Emerald Downs Race track,AUBURN,,3.15,
P-3/PARKWAY LLC PROPERTY,WA,1005 C St. NW,AUBURN,,3.15,
FISHER MILLS PROPERTY,WA,3235 16th Avenue SW,SEATTLE,,3.41,
PUGET SOUND INDUSTRY SERVICES INC.,WA,3407 Airport Way South,SEATTLE,,3.41,
BILL'S TIRES,WA,4910 NW Leary Way,SEATTLE,,3.5,
IRISH FOUNDRY PROPERTY,WA,45 South Spokane Street,SEATTLE,,3.41,
HAMM CREEK BASIN PROPERTY,WA,South 96th Street,SEATTLE,,3.41,
RAINER COURT PROPERTY,WA,Rainer Valley,SEATTLE,,3.5,
ADVANCED ELECTROPLATING INC.,WA,9585 8th Ave.,SOUTH SEATTLE,,3.41,
NORTH COAST CHEMICAL PROPERTY,WA,6300 17th Avenue South,SEATTLE,2.0,3.41,
MARALCO PROPERTY,WA,7730 South 202nd Street,KENT,12.0,3.33,
LANDFILL,WA,no street address,EVERETT,70.0,3.17,
SIMPSON SITE,WA,no address,EVERETT,217.0,3.2,
QUENDALL TERMINALS,WA,4503 Lake Washington Blvd. N.,RENTON,23.0,3.51,3.83
JOHNS PRAIRIE INDUSTRIAL PARK,WA,unknown,SHELTON,408.0,3.18,
RIVER FRONT PROPERTIES,WA,"Summit Blvd, Cedar St, Monroe St, Bridge St",SPOKANE,77.0,4.78,12.83
CONVENTION CENTER,WA,NA,SPOKANE,77.0,4.78,12.83
SUMMIT / METROPOLITAN MORTGAGE,WA,NA,SPOKANE,,4.78,
JELD-WEN,WA,115 N Sycamore Street,SPOKANE,2.0,4.8,0.38
COURTLAND PLACE AT RAINIER COURT,WA,3621 33rd Ave South,SEATTLE,1.0,3.51,
BRLF-06: AMERICAN PLATING,WA,2130 East D Street,TACOMA,2.0,3.33,
THEA FOSS WATERWAY NORTH,WA,400 9th St S,TACOMA,24.0,3.33,
THEA FOSS - MUNICIPAL DOCK BUILDING,WA,15th and 21st Streets,TACOMA,,3.33,
THEA FOSS - PUBLIC ESPLANADE,WA,15th and 21st Streets,TACOMA,,3.33,
THEA FOSS - MARINA AND PIERS,WA,15th and 21st Streets,TACOMA,,3.33,
THEA FOSS - INTERNATIONAL GLASS MUSEUM,WA,15th and 21st Streets,TACOMA,,3.33,
THEA FOSS - ALBERS MILL WAREHOUSE,WA,15th and 21st Streets,TACOMA,,3.33,
OLIVINE PROPERTY,WA,1191 Roeder Avenue,BELLINGHAM,5.0,3.28,
GOLDEN PROPERTY,WA,1101 Roeder Avenue,BELLINGHAM,13.0,3.28,
CHEVRON (FORMER,WA,1020 C Street,BELLINGHAM,2.0,3.28,
COLONY WHARF,WA,16120 Fork Teanaway Rd N,BELLINGHAM,1.0,4.73,
HILTON MARINA,WA,1100 Hilton Avenue,BELLINGHAM,1.0,3.28,
ROEDER AVENUE LANDFILL,WA,1000 F Street,BELLINGHAM,20.0,3.28,
DUWAMISH INDUSTRIAL CORRIDOR,WA,16120 Fork Teanaway Rd N,CLE ELUM,11000.0,4.73,1833.33
REICHHOLD PROPERTY,WA,400 9th St S,TACOMA,52.0,3.33,
NESPELEM AGENCY HQ,WA,PO Box - Highway 155 Agency Headquarters,NESPELEM,92.0,4.81,15.33
INCHELIUM SUB-AGENCY PROPERTY,WA,301 Hall Creek Road,INCHELIUM,20.0,4.72,
BREMER LUMBER MILL/SINCLAIR INLET,WA,"3650 State Route 16, Gorst",PORT ORCHARD,4.0,3.21,
GORST PROPERTY,WA,16120 Fork Teanaway Rd N,CLE ELUM,,4.73,
EVERGREEN AUTO WRECKING/SINCLAIR INLET,WA,"SR3 and Railroad Bridge, Gorst",PORT ORCHARD,3.0,3.21,
POPE MILL/SINCLAIR INLET,WA,"SR3 and Railroad Bridge, Gorst",PORT ORCHARD,,3.21,
PORT ORCHARD CONCRETE BATCH PLANT/SINCLAIR SUMMARY,WA,"3550 State Route 16, Gorst",PORT ORCHARD,6.0,3.21,
FORMER SASH AND DOOR,WA,600 Holly Street,BELLINGHAM,,3.28,
HOMEPORT,WA,707 Astor Street,BELLINGHAM,,3.28,
NW RECYCLING/PARBERRY,WA,in the vicinity of E and Astor-Bancroft Street,BELLINGHAM,,3.28,
HOLLY ST. LANDFILL,WA,1301-1399 C Street,BELLINGHAM,42.0,3.28,
WHATCOM CREEK ESTUARY,WA,1600 State St N,BELLINGHAM,,3.28,
MARITIME HERITAGE PARK,WA,Holly Street,BELLINGHAM,,3.28,
A-1 RENTALS,WA,601 W. Holly Street,BELLINGHAM,,3.28,
MARITIME HERITAGE CENTER/FISH HATCHERY,WA,C Street,BELLINGHAM,,3.28,
MONTESANO FARM AND HOME,WA,412 Main Street,MONTESANO,1.0,2.88,
FRED DILL'S PROPERTY - BUENA,WA,701 Buena Loop Road,BUENA,0.0,5.29,
BRLF07 FORMER PALOUSE PRODUCERS SITE,WA,335 East Main Street,PALOUSE,0.0,4.75,
FORMER CUSTOM PLYWOOD,WA,3311 V Place,ANACORTES,34.0,3.09,
ROBY'S SERVICES OF BUENA,WA,Main street and Burr street,BUENA,0.0,5.29,
GOLD NUGGETT MARKET,WA,"1041 Buena Road, Zillah Buena",BUENA,0.0,5.29,
BRLF-15 HILLYARD RAILYARDS,WA,4101 E Queen Avenue,SPOKANE,900.0,4.8,150.0
BRLF-05 - HEARTHSTONE,WA,6860 Woodlawn Avenue NE,SEATTLE,0.0,3.5,
BRLF-16 REARDAN CITY HALL,WA,115 East Broadway,REARDAN,0.0,4.82,
BRLF-17 BELLINGHAM LOG POND,WA,13849 Trumpeter Lane,MT VERNON,72.0,3.02,
BRLF-13 TFWDA SITES 8 N 9,WA,XXX Dock Street,TACOMA,2.0,3.33,
BRLF-01 SPRAGUE GARAGE,WA,103 West 1st Street,SPRAGUE,0.0,5.12,
BRLF-02: RIVERFRONT PROPERTIES (KENDALL YARDS),WA,"Bounded by Summit Blvd, Cedar St, Monroe St,",SPOKANE,77.0,4.78,12.83
BRLF 08 - RAINIER COURT III,WA,3605 34th Avenue South,SEATTLE,1.0,3.51,
"TURNER & SONS SHELL STATION, TURNER SHELL STATION, PEHL OIL COMPANY",WA,520 5th Street,RAYMOND,0.0,2.88,
RIVER AVENUE CITY PROPERTY,WA,245 South River Avenue,BUCKLEY,0.0,2.95,
JIMMYCOMELATELY/SEQUIM BAY LOG YARD,WA,56 Old Blyn Highway,SEQUIM,82.0,3.23,
FORMER POPE LUMBER MILL,WA,State Highway 16,PORT ORCHARD,2.0,3.21,
FORMER JAPANESE AUTO WRECKING SITE,WA,7777 South 272nd Street,KENT,6.0,3.15,
CITY OF AUBURN (CRITES-HUFF PROPERTY),WA,12 First Street and 101 South Division,AUBURN,1.0,3.15,
BB-7 PROPERTY (FORMERLY JAPANESE AUTO),WA,7776 S. 262nd St & 25929 78th Ave. South,KENT,11.0,3.15,
FORMER LLOYD'S ROCKET GAS STATION,WA,110 Boren Avenue,SEATTLE,0.0,3.5,
HARRINGTON-BEALL GREENHOUSES,WA,18531 Beall Road SW,VASHON ISLAND,17.0,3.32,
SOUTH COVE PROPERTY,WA,N/A,NORTH BEND,50.0,3.12,
ELLISPORT CREEK GREENSPACE PROJECT,WA,20803 Chautauqua Beach Rd SW,VASHON ISLAND,3.0,3.32,
RAINIER COURT PHASE II THE DAKOTA,WA,3634-33rd Ave South,SEATTLE,2.0,3.51,0.35
LITTLE SQUALICUM,WA,604 Marine Drive,BELLINGHAM,21.0,3.3,
WSDOT POTLATCH MAINTENANCE FACILITY,WA,unknown,SKOKOMISH INDIAN RESERVATION,15.0,3.35,
NINTH AND JEFFERSON STREET BUILDING,WA,925 James Street,SEATTLE,0.0,3.5,
SHAUB-ELLISON PARCEL,WA,1902 Pacific Avenue,TACOMA,0.0,3.33,
FORMER UNOCAL BULK PLANT #0138,WA,16120 Fork Teanaway Rd N,CLE ELUM,,4.73,
FORMER SHELL ISLAND MARINE & SPORTS,WA,16120 Fork Teanaway Rd N,CLE ELUM,,4.73,
ISLAND COUNTY MENTLA HEALTH,WA,16120 Fork Teanaway Rd N,CLE ELUM,,4.73,
TERMINAL 106 WEST,WA,Unknown,UNKNOWN,,3.41,
NORTH BAY AT TERMINAL 91,WA,Unknown,UNKNOWN,,3.41,
PIER 34,WA,Unknown,UNKNOWN,,3.41,
MITCHELL AVENUE PHASE II,WA,920 Mitchell Avenue,PORT ORCHARD,1.0,3.21,
ROBINSON PROPERTY,WA,1118 Charleston Beach Road,BREMERTON,0.0,3.21,
FORMER BANK PROPERTY,WA,1116 Charleston Beach Road,BREMERTON,0.0,3.21,
NGUYEN PROPERTY,WA,1215 Charleston Beach Road,BREMERTON,0.0,3.21,
BODINE PROPERTY,WA,1227 Charleston Beach Road,BREMERTON,0.0,3.21,
FISCAL DYNAMICS PROPERTY,WA,1229 Charleston Beach Road,BREMERTON,0.0,3.21,
FORMER MORE PROPERTY,WA,1127 Charleston Beach Road,BREMERTON,0.0,3.21,
PRICE PROPERTY,WA,1550 Navy Yard Highway,BREMERTON,0.0,3.21,
NEAR 11.7 MILE OF E OF 468TH AVENUE SE,WA,near 11.7 mile of E of 468th Avenue SE,NORTH BEND,1.0,2.67,
22400 LAKE FRANCIS ROAD SE,WA,Near 22400 Lake Francis Road SE,MAPLE VALLEY,1.0,2.94,
29450 SE 371ST STREET,WA,29450 SE 371st Street,ENUMCLAW,1.0,2.97,
31000 SE 408TH STREET,WA,Near 31000 SE 408th Street,ENUMCLAW,1.0,2.92,
16500 OLD PETROVITSKY ROAD,WA,Near 16500 Old Petrovitsky Road,RENTON,1.0,3.21,
S. 200TH STREET AND 13TH AVENUE S.,WA,Near S. 200th Street and 13th Avenue S.,SEA TAC,1.0,3.33,
WILLIAMS CREEK,WA,Near Williams Creek,RAVENSDALE,1.0,2.94,
12528 NE 129TH COURT,WA,12528 NE 129th Court,KIRKLAND,1.0,3.41,
1555 UNION AVENUE NE,WA,1555 Union Avenue NE,RENTON,1.0,3.31,
402 MOUNTAIN VIEW DRIVE,WA,402 Mountain View Drive,AUBURN,1.0,3.15,
4400 PRESTON-FALL CITY ROAD SE,WA,Near 4400 Preston-Fall City Road SE,FALL CITY,1.0,2.92,
23600 MUIRWOOD WAY NE,WA,Near 23600 Muirwood Way NE,REDMOND,1.0,3.09,
19224 SE 164TH STREET,WA,19224 SE 164th Street,RENTON,1.0,2.98,
19901 CEDAR FALLS ROAD SE,WA,19901 Cedar Falls Road SE,NORTH BEND,1.0,2.67,
26432 SE 427TH STREET,WA,26432 SE 427th Street,ENUMCLAW,1.0,2.97,
DINGFORD CREEK TRAIL ROAD,WA,Near Dingford Creek Trail Road,NORTH BEND,1.0,2.67,
9730 CARNATION DUVALL ROAD,WA,9730 Carnation Duvall Road,CARNATION,1.0,2.92,
PENMAN VEHICLE,WA,unknown,UNKNOWN,,3.41,
WALKER VEHICLE,WA,unknown,UNKNOWN,,3.41,
FIRE ROAD,WA,Near Fire Road 9020,NORTH BEND,1.0,3.12,
15800 SE AUBURN BLACK DIAMOND ROAD,WA,Near 15800 SE Auburn Black Diamond Road,AUBURN,1.0,2.95,
"1983 FORD ECONOLINE VAN, SILVER",WA,"1983 Ford Econoline Van, silver",VEHICLE,,4.73,
34104 SE 207TH STREET,WA,34104 SE 207th Street,RAVENSDALE,1.0,2.86,
"1994 FREIGHTLINER SEMI-TRUCK, RED",WA,"1994 Freightliner semi-truck, red",VEHICLE,,3.04,
"1991 HONDA ACCORD, WHITE",WA,"1991 Honda Accord, white",VEHICLE,,4.73,
2006 DODGE PICKUP,WA,2006 Dodge pickup,VEHICLE,,4.73,
30665 KENT-BLACK DIAMOND ROAD SE,WA,30665 Kent-Black Diamond Road SE,AUBURN,1.0,3.0,
908 W MEEKER STREET,WA,908 W Meeker Street,KENT,1.0,3.15,
19515 PARADISE LAKE ROAD NE,WA,19515 Paradise Lake Road NE,WOODINVILLE,1.0,3.41,
"1984 BMW, BEIGE",WA,"1984 BMW, beige",VEHICLE,,4.7,
"22300 7TH AVENUE S, ROOM 114",WA,"22300 7th Avenue S, Room 114",DES MOINES,1.0,3.33,
19707 130TH AVENUE NE,WA,19707 130th Avenue NE,WOODINVILLE,1.0,3.41,
537 BURGER PLACE,WA,537 Burger Place,ENUMCLAW,1.0,2.95,
417 S 128TH STREET,WA,417 S 128th Street,BURIEN,1.0,3.33,
"1989 SUBARU, BLUE",WA,"1989 Subaru, blue",VEHICLE,,4.73,
"1989 FORD ECONOLINE VAN, BLUE",WA,"1989 Ford Econoline Van, blue",VEHICLE,,4.73,
"210 SW 155TH STREET, APT 302 & 303",WA,"210 SW 155th Street, Apt 302 & 303",BURIEN,1.0,3.33,
14043 24TH AVE S,WA,14043 24th Ave S,SEA TAC,1.0,3.33,
31901 160TH PLACE SE,WA,31901 160th Place SE,AUBURN,1.0,3.0,
1985 HONDA PRELUDE,WA,1985 Honda Prelude,VEHICLE,,4.73,
"11 YALE AVENUE N, ROOFTOP AND APT. 305",WA,"111 Yale Avenue N, rooftop and Apt. 305",SEATTLE,1.0,3.5,
24260 197TH AVENUE SE,WA,24260 197th Avenue SE,KENT,1.0,2.94,
"1966 FORD PICKUP, WHITE",WA,"1966 Ford pickup, white",VEHICLE,,4.73,
NEAR 30808 NE 165TH,WA,near 30808 NE 165th,DUVALL,1.0,2.91,
25422 29TH AVENUE S,WA,25422 29th Avenue S,KENT,1.0,3.15,
NEAR 27800 SE GREEN RIVER GORGE ROAD,WA,near 27800 SE Green River Gorge Road,ENUMCLAW,1.0,2.94,
SALVATION ARMY PROPERTY,WA,1111 South Union Avenue,TACOMA,0.0,3.33,
CRITTENDON PROPERTY,WA,2155 Martin Luther King Jr. Way,TACOMA,0.0,3.33,
FORMER NU WAY CLEANERS,WA,113 12th Avenue,SEATTLE,0.0,3.5,
CHRISTENSEN PROPERTY,WA,1117 Washington Avenue,ENUMCLAW,0.0,2.97,
ULTRA CUSTOM CARE,WA,18304 Bothell Way NE,BOTHELL,0.0,3.44,
SIMON AND SONS,WA,18107 Bothell Way NE,BOTHELL,0.0,3.44,
ARRA09 SEED CLAREMONT HOUSING,WA,3333 Rainier Avenue South,SEATTLE,1.0,3.51,
GUIBERSON PROPERTY,WA,3236 Wheaton Way,BREMERTON,1.0,3.21,
VALLEY PRODUCE,WA,3140 West State Route 16,BREMERTON,6.0,3.21,
COOPER FUEL,WA,3236 Wheaton Way,BREMERTON,0.0,3.21,
BJP LLC PROPERTY/BURT'S MANCHESTER GAS,WA,2375/2399 Colchester Drive East,MANCHESTER,0.0,3.24,
BETHEL TAVERN,WA,3840 Bethel Road SE,PORT ORCHARD,1.0,3.21,
BREMERTON 7TH AVENUE LOT 31 (PUGET DRY CLEANERS),WA,816 7th Avenue,BREMERTON,0.0,3.21,
BEATTER/TURNER/MILLER,WA,109-111 12th Avenue South,SEATTLE,1.0,3.5,
AMERICAN TOWER BUNKER,WA,1986 Lower Elwha Road,PORT ANGELES,87.0,3.2,
TRYON'S JUNK YARD,WA,Woodland Avenue and Makah Passage,NEAH BAY,10.0,2.8,
HAKE AST SITE,WA,Waadah Place and Bell Road,NEAH BAY,10.0,2.8,
INCHELIUM WOOD TREATMENT PLANT,WA,18 Blackbird Drive,INCHELIUM,45.0,4.68,7.5
TRIBAL FISH AND WILDLIFE DEPARTMENT,WA,68 Schoolhouse Loop Road,NESPELEM,10.0,4.78,
CHIEF JOSEPH ORCHARD,WA,2500 Columbia River Road,OKANOGAN,350.0,4.87,58.33
COLOMBIA LACE,WA,151 Jack Wells Road,BRIDGEPORT,120.0,4.55,20.0
EARL CROFOOT PROPERTY,WA,326 Monse Bridge Road,BREWSTER,1.0,4.91,
NESPELEM TRANSFER STATION,WA,Schoolhouse Loop Road,NESPELEM,3.0,4.78,
THE PINES CAFE,WA,12379 S. Hwy 21,KELLER,2.0,4.79,
IRON CREEK RELEASE PROPERTY,WA,Iron Creek Rd,KELLER,1.0,4.85,
SOUTH BEND TURNER SHELL STATION,WA,1208 West Robert Bush Drive,SOUTH BEND,,2.88,
UPTOWN RICHLAND SHOPPING CENTER,WA,1331 George Washington Way,RICHLAND,21.0,5.36,3.5
WEST OLYMPIA LANDFILL,WA,1305 SW Cooper Point Rd,OLYMPIA,12.0,3.11,
UNIVERSITY AUTO CENTER (FORMER),WA,East 7th at Pearl,ELLENSBURG,0.0,4.77,
SOUTH BEND TURNER SHELL STATION - 2 LOTS,WA,1208 W Robert Bush Drive,SOUTH BEND,0.0,2.88,
EDDON BOAT PARK,WA,3805 Harborview Drive,GIG HARBOR,3.0,3.31,
KING COUNTY,WA,near 17617 SE Jones Rd,RENTON,0.0,3.21,
CITY OF DES MOINES,WA,22307 Dock Ave,DES MOINES,0.0,3.33,
COAST REAL ESTATE SERVICES,WA,"739 Watson St. N, Apt 67",ENUMCLAW,0.0,2.92,
HANCOCK TIMBER RESOURCE GROUP,WA,near SE 440th St. and 292nd Ave SE,ENUMCLAW,0.0,2.98,
KING COUNTY PROPERTY SERVICES,WA,near 23800 SE Green Valley Rd,AUBURN,0.0,2.98,
CAROL MCCULLOUGH,WA,near 20633 148th Ave SE,KENT,0.0,3.21,
33300 NE 32ND ST,WA,33300 NE 32nd St,CARNATION,0.0,2.84,
TYROLIA FUNDING,WA,14018 184th Ave NE,WOODINVILLE,1.0,3.15,
4311 S. 321ST STREET,WA,4311 S. 321st Street,AUBURN,1.0,3.15,
19031 240TH AVE SE,WA,19031 240th AVE SE,MAPLE VALLEY,3.0,2.98,
26820 235TH AVE SE,WA,26820 235th Ave SE,MAPLE VALLEY,1.0,2.94,
2115 N 122ND ST,WA,2115 N 122nd St,SEATTLE,0.0,3.5,
CAMBRIDGE CEDAR GROVE,WA,174th St. SE and 204th Ave SE,MAPLE VALLEY,1.0,2.94,
MINERAL HILL LANDFARM,WA,Schoolhouse Loop Road,NESPELEM,1.0,4.81,
MT. TOLMAN SERVICE CENTER,WA,P.O. Box 188,KELLER,35.0,4.82,
MOSES MOUNTAIN COMMUNICATIONS SITE,WA,"T33N, R30E",OMAK,2.0,4.79,0.33
FORMER RESTAURANT,WA,116 West State Street,ABERDEEN,0.0,2.89,
ROCKY PIZZA AND COMMERCIAL OFFICES,WA,209 West Wishkah,ABERDEEN,0.0,2.89,
NORTHPORT FORMER MILL PROPERTY,WA,117 Park Street,NORTHPORT,7.0,4.38,
CITY CENTER SERVICE STATION,WA,123 & 124 West Heron,ABERDEEN,0.0,2.89,
AUTOBODY SHOP AND WOOD PRODUCT STORAGE,WA,106 West State Street,ABERDEEN,0.0,2.89,
AUTOMOTIVE REPAIR AND USED CAR LOT,WA,219 West Wishkah,ABERDEEN,0.0,2.89,
FORMER RECYCLING CENTER (2 PARCELS),WA,102 & 104 West State Street,ABERDEEN,0.0,2.89,
AUTOMOBILE PARKING LOT,WA,211 West Wishkah,ABERDEEN,0.0,2.89,
VALASKE - AKA DICKEY BIRDS,WA,"271020 Hwy 101, 43 Sophus Rd.",SEQUIM,4.0,3.12,
GADAMUS (LOG CABIN),WA,3830 West Sequim Bay Rd.,SEQUIM,5.0,3.12,
MEYER,WA,183 Sophus Road,SEQUIM,2.0,3.12,
CRAFT,WA,182 Marina's Way,SEQUIM,30.0,3.27,
DUNGENESS GOLF AND COUNTRY CLUB,WA,1965 Woodcock Road,SEQUIM,121.0,3.27,
PAC FIVE,WA,33 Knapp Rd.,SEQUIM,45.0,3.23,
FORMER NU WAY CLEANERS II,WA,115 12th Avenue,SEATTLE,0.0,3.5,
FORMER NU WAY CLEANERS III,WA,117 12th Avenue,SEATTLE,0.0,3.5,
ALLEN AME CHURCH,WA,1124 South J Street,TACOMA,0.0,3.33,
HERITAGE BANK,WA,8801 South Tacoma Way,LAKEWOOD,1.0,3.16,
TONE SITE,WA,1501 South Tacoma Way,TACOMA,0.0,3.33,
SWINOMISH TRIBAL ECONOMIC ZONE AREA 2,WA,N48.45441 W122.51611,LA CONNER,280.0,3.2,
MCGLINN ISLAND AND CAUSEWAY,WA,N48.38179 W122.50589,LA CONNER,50.0,3.2,
FRONT ST. SITE,WA,Front St. Swinomish Village,LA CONNER,1.0,3.2,
SWINOMISH TRIBAL ECONOMIC ZONE AREA 1,WA,N48.45785 W122.51633,ANACORTES,203.0,3.28,
EDDON BOATYARD PARK,WA,3805 Harborview Drive,GIG HARBOR,1.0,3.31,
12TH AND JEFFERSON,WA,1200 - 1206 East Jefferson Street,SEATTLE,0.0,3.5,
BOTHELL LANDING,WA,18120 Bothell Way NE,BOTHELL,6.0,3.44,
PEROVICH,WA,6525 South Ellis Street,SEATTLE,0.0,3.41,
BOTHELL CROSSROADS,WA,18200 - 18206 Bothell Way NE,BOTHELL,1.0,3.44,
JOHNNY GEORGE MOUNTAIN COMMUNICATIONS FACILITY,WA,"17 Miles Southeast of Keller, WA",KELLER,2.0,4.75,
KELLER PARK UST,WA,"2.1 miles South of Keller, 85 feet West of Highway 21",KELLER,0.0,4.91,
ROUND LAKE UST,WA,"Northeast side of Round Lake, .1 miles South of Bridge Creek Road",KELLER,0.0,4.91,
RAINIER COURT PHASE III,WA,3605 34th Ave S,SEATTLE,1.0,3.51,
CROWN PACIFIC/INTERFOR SITE,WA,60 State Avenue,MARYSVILLE,10.0,3.1,
HAPPY DRAGON: AKA ASAIN CUISINE AND 6TH & ALDER,WA,3118 6th Avenue,TACOMA,0.0,3.33,
8328 & 8330 SOUTH TACOMA WAY,WA,8328 & 8330 South Tacoma Way,LAKEWOOD,3.0,3.16,
2105 TACOMA AVENUE SOUTH,WA,2105 Tacoma Avenue South,TACOMA,0.0,3.33,
ARRA-11: KHA MITCHELL AVENUE PHASE 2,WA,980 Mitchell Avenue,PORT ORCHARD,1.0,3.21,
ARRA10 SHA HIGHPOINT HOPE VI PROJECT,WA,6058 35th Avenue,SEATTLE,0.0,3.41,
HISTORIC RICKARD LOGGING CAMP,WA,21 Brush Creek Road,KELLER,34.0,4.79,
ROBY'S SERVICES OF BUENA,WA,Main Street and Burr Street,BUENA,0.0,5.29,
GOLD NUGGET MARKET,WA,1041 Buena Road,ZILLAH BUENA,0.0,5.29,
FRED DILL'S PROPERTY,WA,701 Buena Loop Road,BUENA,0.0,5.29,
FORMER CUSTOM PLYWOOD,WA,3311 V Place,ANACORTES,41.0,3.34,
SOPHUS ROAD AND MEYER,WA,20 Sophus Road,SEQUIM,18.0,3.12,
CAD,WA,2161 Woodcock Road,SEQUIM,15.0,3.27,
BLACKSTONE,WA,1980-2098 West Hendrickson Road,SEQUIM,0.0,3.27,
MEYER II,WA,294 Woods Road,SEQUIM,4.0,3.12,
BONNY,WA,1512 Old Blyn Hwy,SEQUIM,1.0,3.23,
MEYER,WA,183 Sophus Road,SEQUIM,2.0,3.12,
CEDARS AT DUNGENESS GOLF COURSE,WA,1965 Woodcock Road,SEQUIM,137.0,3.27,
BLYN BASIN I,WA,192 Corriea Road,SEQUIM,16.0,3.12,
SOPHUS ROAD,WA,180 Sophus Road,SEQUIM,16.0,3.12,
7TH AND JACKSON,WA,710 South Jackson Street,SEATTLE,1.0,3.41,
SPRING VALLEY UST SITE,WA,37000 Pacific Highway South,FEDERAL WAY,2.0,3.23,
RAINCHECK PLUME,WA,18304 Bothell Way NE,BOTHELL,0.0,3.44,
SEVENTH AVENUE SERVICE,WA,701 South Jackson Street,SEATTLE,0.0,3.41,
LOWER COUNTY SHOP,WA,505 W. 14th Ave.,ELLENSBURG,3.0,4.85,0.48
CASCADE PALLET,WA,109 N. Water St.,ELLENSBURG,1.0,4.77,
MIDSTATE CO-OP,WA,705 W. 5th Ave.,ELLENSBURG,1.0,4.77,
EL MANANTIAL MEXICAN RESTAURANT,WA,310 S. Main Street,ELLENSBURG,0.0,4.77,
1003 CANYON ROAD,WA,1003 Canyon Road,ELLENSBURG,2.0,4.77,
HINMAN RANCH,WA,115 Park City Loop,NESPELEM,112.0,4.81,18.67
SWINOMISH LIME STORAGE SITE_UPLANDS,WA,12939 Casino Dr,ANACORTES,4.0,3.28,
TERRY AUTO SALVAGE YARD,WA,1124 N Pacific Ave,KELSO,1.0,3.17,
PERIWINKLE PARK FORMER WESTPARK LANDFILL,WA,110 Russell Road,BREMERTON,6.0,3.21,
MOBILE HOME #2,WA,Lot 101-T12212,MCGINNIS LAKE,0.0,4.94,
LOT #15,WA,Moccasin Flat Hud Road,OMAK,0.0,4.79,
OMAK COMMUNITY CENTER MULTIPURPOSE BLDG,WA,68 Benton Street,OMAK,1.0,4.69,
LOT #3,WA,Mocassin Flat Hud Road Omak Trailer Park,OMAK,0.0,4.79,
BELVEDERE MOBILE HOME,WA,Belvedere Road Highway 155,COULEE DAM,0.0,4.94,
LOT # 2,WA,Moccasin Flat Hud Road,OMAK,0.0,4.79,
LOT B-13,WA,Grandview Village,ELMER CITY,0.0,4.94,
LOT #18,WA,Moccasin Flat Hud Road,OMAK,0.0,4.79,
CASHMERE MILL SITE,WA,5455 Sunset Highway,CASHMERE,31.0,4.88,
GEDDES MARINA,WA,1326 1st Street,MARYSVILLE,5.0,3.1,
VANCOUVER WATER STATION #4 CONTAMINATION,WA,5TH + BLANDFORD ST,VANCOUVER,0.0,3.38,
"FRONTIER HARD CHROME, INC.",WA,113 Y ST,VANCOUVER,0.0,3.38,
HAMILTON ISLAND LANDFILL (USA/COE),WA,BONNEVILLE LOCK & DAM,NORTH BONNEVILLE,250.0,3.52,41.67
VANCOUVER WATER STATION #1 CONTAMINATION,WA,E. RESERVE AND N.E. FOURTH PLAIN BLVD.,VANCOUVER,20.0,3.38,
ALCOA (VANCOUVER SMELTER),WA,5509 LOWER RIVER RD,VANCOUVER,215.0,3.34,
BONNEVILLE POWER ADMINISTRATION ROSS COMPLEX (USDOE),WA,5411 NE HWY 99,VANCOUVER,250.0,3.38,
BOOMSNUB/AIRCO,WA,7608 NORTHEAST 47TH STREET,VANCOUVER,12.0,3.38,
TOFTDAHL DRUMS,WA,22033 NE 189 ST,BRUSH PRAIRIE,15.0,3.25,
STUBBLEFIELD SALVAGE,WA,980 NE MYRA ROAD,WALLA WALLA,,4.84,
PASCO SANITARY LANDFILL,WA,KAHLOTUS RD & HWY 12,PASCO,250.0,5.3,41.67
HANFORD 1100-AREA (USDOE),WA,1100 AREA,BENTON COUNTY,358400.0,5.52,59733.33
HANFORD 300-AREA (USDOE),WA,300 AREA,BENTON COUNTY,358400.0,5.52,59733.33
HANFORD 200-AREA (USDOE),WA,200 AREA,BENTON COUNTY,358400.0,5.55,59733.33
FMC CORP. (YAKIMA),WA,4 W WASHINGTON AV,YAKIMA,4.0,5.28,0.67
YAKIMA PLATING CO.,WA,1804 S 3RD AV,YAKIMA,1.0,5.32,
PESTICIDE LAB (YAKIMA),WA,3706 W NOB HILL RD,YAKIMA,10.0,5.32,1.67
HAMILTON/LABREE ROADS GW CONTAMINATION,WA,HAMILTON & LABREE ROADS,CHEHALIS,14.0,3.15,
AMERICAN CROSSARM & CONDUIT CO.,WA,99 CHEHALIS AV SW,CHEHALIS,14.0,3.15,
CENTRALIA MUNICIPAL LANDFILL,WA,1313 S TOWER,CENTRALIA,87.0,3.15,
HANFORD 100-AREA (USDOE),WA,100 AREA,BENTON COUNTY,358400.0,5.4,59733.33
PALERMO WELL FIELD GROUND WATER CONTAMINATION,WA,PALERMO AVENUE & O STREET,TUMWATER,,3.11,
HIDDEN VALLEY LANDFILL (THUN FIELD),WA,THUN FLD 17975 MERIDIAN S,PIERCE COUNTY,90.0,2.96,
FORT LEWIS LOGISTICS CENTER,WA,"T19N R2E SECS 21,22,26,27",TILLICUM,86000.0,3.33,
FORT LEWIS (LANDFILL NO. 5),WA,ATTN: AFZH-FEQ,TACOMA,60.0,3.17,
AMERICAN LAKE GARDENS/MCCHORD AFB,WA,555 BARNES BLVD.,TACOMA,4616.0,3.18,
MCCHORD AIR FORCE BASE (WASH RACK/TREATMENT AREA),WA,MERIDIAN ST - 62ABG/DEEV,TACOMA,4600.0,3.18,
LAKEWOOD,WA,"E. OF NEW YORK AVE, S. OF PACIFIC HWY S.",LAKEWOOD,7.0,3.18,
MOSES LAKE WELLFIELD CONTAMINATION,WA,GRANT CO. AIRPORT,MOSES LAKE,7680.0,5.35,1280.0
"COMMENCEMENT BAY, SOUTH TACOMA CHANNEL",WA,SOUTH TACOMA CHANNEL OF COMMEN,TACOMA,504.0,3.33,
"COMMENCEMENT BAY, NEAR SHORE/TIDE FLATS",WA,ADJ TO RUSTON WAY & TIDEFLATS IND. AREA,TACOMA,7680.0,3.33,
MIDWAY LANDFILL,WA,24800 PACIFIC HWY S.,KENT,60.0,3.15,
SEATTLE MUNICIPAL LANDFILL (KENT HIGHLANDS),WA,NE OF MILITARY RD AND KENT DES MOINES RD,KENT,100.0,3.15,
"WESTERN PROCESSING CO., INC.",WA,7215 S 196TH ST,KENT,14.0,3.33,
QUEEN CITY FARMS,WA,S 1/2 SEC 28-MAPLE VALLEY QUAD,MAPLE VALLEY,315.0,2.98,
PACIFIC CAR & FOUNDRY CO.,WA,1400 N 4TH ST,RENTON,82.0,3.33,
QUENDALL TERMINAL,WA,4503 LK WASHINGTON BLVD N,RENTON,23.0,3.51,3.83
LOWER DUWAMISH WATERWAY,WA,RK 2.5 TO RK 10.8,SEATTLE,19816.0,3.51,3302.58
PUGET SOUND NAVAL SHIPYARD COMPLEX,WA,,BREMERTON,1350.0,3.21,
OLD NAVY DUMP/MANCHESTER LABORATORY (USEPA/NOAA),WA,,MANCHESTER,40.0,3.24,
BREMERTON GASWORKS,WA,1725 PENNSYLVANIA AVENUE,BREMERTON,,3.21,
MICA LANDFILL,WA,"T24N R44E S11,14",MICA,160.0,4.66,26.67
HARBOR ISLAND (LEAD),WA,MOUTH OF DUWAMISH RIVER,SEATTLE,723.0,3.41,
PACIFIC SOUND RESOURCES,WA,,SEATTLE,225.0,3.41,
LOCKHEED WEST SEATTLE,WA,3443 W. MARGINAL WAY,SEATTLE,25.0,3.41,
JACKSON PARK HOUSING COMPLEX (USNAVY),WA,,KITSAP COUNTY,630.0,3.21,
WYCKOFF CO./EAGLE HARBOR,WA,5350 CREOSOTE PL NE,BAINBRIDGE ISLAND,78.0,3.31,
FAIRCHILD AIR FORCE BASE (4 WASTE AREAS),WA,US HIGHWAY 2 W OF SPOKANE,SPOKANE,4332.0,4.8,722.0
GREENACRES LANDFILL,WA,LIBERTY LK,SPOKANE COUNTY,58.0,4.7,9.67
GENERAL ELECTRIC CO. (SPOKANE APPARATUS SERVICE SHOP),WA,E 4323 MISSION AV,SPOKANE,7.0,4.8,1.13
SPOKANE JUNKYARD/ASSOCIATED PROPERTIES,WA,N 3322 COOK ST.,SPOKANE,16.0,4.8,2.67
OLD INLAND PIT,WA,N SULLIVAN RD & KIERNAN RD,SPOKANE,10.0,4.7,1.67
NAVAL UNDERSEA WARFARE ENGINEERING STATION (4 WASTE AREAS),WA,"HWY 308, E END",KEYPORT,340.0,3.24,
BANGOR NAVAL SUBMARINE BASE,WA,"CLEAR CREEK ROAD, BLDG. 110",SILVERDALE,7700.0,3.29,
NORTHSIDE LANDFILL,WA,W 5502 NINEMILE RD,SPOKANE,345.0,4.78,57.5
NORTH MARKET STREET,WA,E 3225 LINCOLN RD,SPOKANE,42.0,4.73,7.0
KAISER ALUMINUM (MEAD WORKS),WA,HAWTHORNE RD-1.2 M FROM DIV.RD,MEAD,30.0,4.73,5.0
BANGOR ORDNANCE DISPOSAL (USNAVY),WA,"CLEAR CREEK ROAD,BLDG 1100",BREMERTON,7000.0,3.24,
COLBERT LANDFILL,WA,ELK-CHATTEROY RD,SPOKANE,40.0,4.71,6.67
MIDNITE MINE,WA,35 MILES NORTHWEST OF SPOKANE,WELLPINIT,481.0,4.95,80.15
TULALIP LANDFILL,WA,TULALIP INDIAN RESERVATION,MARYSVILLE,307.0,3.1,
PORT HADLOCK DETACHMENT (USNAVY),WA,,INDIAN ISLAND,2700.0,3.24,
USDOI BLM CLEVELAND MINE & MILL SITE,WA,T30N R38E S9,HUNTERS,,4.87,
BOEING COMPANY TULALIP TEST SITE,WA,TULALIP INDIAN RESERVATION,MARYSVILLE,,2.98,
"NAVAL AIR STATION, WHIDBEY ISLAND (SEAPLANE BASE)",WA,1 MI NE OF E PIONEER WAY & TORPEDO INTSC,WHIDBEY ISLAND,7000.0,3.28,
"NAVAL AIR STATION, WHIDBEY ISLAND (AULT FIELD)",WA,UNSPECIFIED,WHIDBEY ISLAND,7000.0,3.4,
ALDER MILL,WA,"T33N R22E S17,18",TWISP,3.0,4.46,
MAKAH RESERVATION WARMHOUSE BEACH DUMP,WA,UNNAMED ROAD LEADING TO KOITLAH POINT,NEAH BAY,,2.97,
HECLA KNOB HILL MINE,WA,KNOB HILL COUNTY ROAD 3 MI NW OF CY,REPUBLIC,,4.46,
SOUTH PENN MINE,WA,,REPUBLIC,,4.46,
SILVER MOUNTAIN MINE,WA,"SEC 34, T38N, R26E, WM",LOOMIS,5.0,4.13,
OESER CO.,WA,730 MARINE DRIVE,BELLINGHAM,24.0,3.3,
"SIERRA ZINC MINE/MILL, A.K.A. BLUE RIDGE MINE/MILL",WA,"T38N R41E SEC 19, 20, 29, 30,",NORTHPORT,,4.37,
BLUE BUCKET MINE,WA,T39N R43E S32 N1/2,METALINE,,4.33,
JOSEPHINE MILL # 1 AKA OLD JOSEPHINE MILL,WA,T39N R43E SEC16,METALINE FALLS,,4.33,
JOSEPHINE MINE,WA,T39N R43E S16 SE1/4 N1/2,METALIINE FALLS,,4.33,
USDOI BLM JOSEPHINE MILL #2 AKA NEW JOSEPHINE MILL,WA,"1 MI NW OF PEND OREILLE VILLAGE,",METALINE FALLS,,4.33,
NORTHWEST TRANSFORMER,WA,6882 MISSION ST,EVERSON,2.0,3.22,
NORTHWEST TRANSFORMER (SOUTH HARKNESS STREET),WA,107 S HARKNESS,EVERSON,0.0,3.25,
ANDERSON-CALHOUN MINE/MILL,WA,1 MI N OF LEADPOINT,LEADPOINT,,4.39,
CLEVELAND MINE AND MILL,WA,"T30N R38E SEC9, 7 MI NE OF CY",HUNTERS,,4.72,
DEEP CREEK MINE,WA,T39N R40E S26 NE1/4 N1/2,NORTHPORT,,4.38,
EVERETT SMELTER,WA,EAST MARINE VIEW DRIVE BTWN 5TH & BUTLER,EVERETT,,3.2,
GRANDVIEW MINE,WA,"T39N R43E S14,15,22,30",METALINE FALLS,,4.33,
LAST CHANCE MINE AND MILL,WA,6 MI SE OF NORTHPORT,NORTHPORT,,4.38,
USDA FS COLVILLE NF: ORIOLE MINE,WA,T39N R43E SEC19 SE CORNER,METALINE,,4.33,
"VERMICULITE NW, INC N",WA,1318 MAPLE ST,SPOKANE,,4.78,
ASARCO INC,WA,RUSTON WAY & N 51ST ST,TACOMA,,3.28,
LAKE WASHINGTON SHIP CHANNEL,WA,,SEATTLE,,3.5,
DAWN MINING COMPANY MILL PONDS,WA,HWY 231 CITY CENTER,FORD,,4.86,
USDA FS WENATCHEE NF: HOLDEN MINE,WA,T31N R17E SEC 7 WM,HOLDEN,248.0,3.65,
ALDER MINE,WA,3 MI SE OF TWISP ON ALDER CREEK,TWISP,,4.42,
PEND OREILLE MINE & MILL,WA,"T39N R43E S10-11,14-15",METALINE FALLS,,4.33,
LE ROI CO SMELTER,WA,HWY 25 N OF CY,NORTHPORT,,4.38,
